{
  "annotations": {
    "list": [
      {
        "builtIn": 1,
        "datasource": {
          "type": "grafana",
          "uid": "-- Grafana --"
        },
        "enable": true,
        "hide": true,
        "iconColor": "rgba(0, 211, 255, 1)",
        "name": "Annotations & Alerts",
        "type": "dashboard"
      }
    ]
  },
  "editable": true,
  "fiscalYearStartMonth": 0,
  "graphTooltip": 0,
  "id": null,
  "iteration": 1763780349,
  "links": [],
  "liveNow": false,
  "panels": [
    {
      "type": "timeseries",
      "title": "Requests per provider",
      "targets": [
        {
          "expr": "sum(rate(eratemanager_requests_total[5m])) by (provider)",
          "legendFormat": "{{provider}}",
          "refId": "A"
        }
      ],
      "gridPos": {
        "h": 8,
        "w": 12,
        "x": 0,
        "y": 0
      }
    },
    {
      "type": "timeseries",
      "title": "Error rate per provider",
      "targets": [
        {
          "expr": "sum(rate(eratemanager_request_errors_total[5m])) by (provider)",
          "legendFormat": "{{provider}}",
          "refId": "A"
        }
      ],
      "gridPos": {
        "h": 8,
        "w": 12,
        "x": 12,
        "y": 0
      }
    },
    {
      "type": "timeseries",
      "title": "Request duration p95",
      "targets": [
        {
          "expr": "histogram_quantile(0.95, sum(rate(eratemanager_request_duration_seconds_bucket[5m])) by (le))",
          "legendFormat": "p95",
          "refId": "A"
        }
      ],
      "gridPos": {
        "h": 8,
        "w": 24,
        "x": 0,
        "y": 8
      }
    }
  ],
  "refresh": "30s",
  "schemaVersion": 39,
  "style": "dark",
  "tags": [
    "eratemanager",
    "energy-rates"
  ],
  "templating": {
    "list": []
  },
  "time": {
    "from": "now-6h",
    "to": "now"
  },
  "timepicker": {},
  "timezone": "",
  "title": "eRateManager Overview",
  "version": 1
}